{"cameraMode":{"drawMode":0,"name":"Shaded","section":"Shading Mode"},"sceneLighting":false,"audioPlay":false,"sceneViewState":{"m_AlwaysRefresh":false,"showFog":true,"showSkybox":false,"showFlares":true,"showImageEffects":true,"showParticleSystems":true,"showVisualEffectGraphs":true,"m_FxEnabled":true},"in2DMode":false,"pivot":{"x":222.02133178710938,"y":8.573434829711914,"z":203.23683166503907},"rotation":{"x":-0.0028435310814529659,"y":-0.9774215817451477,"z":0.21110065281391145,"w":-0.013190198689699173},"size":1.3384798765182496,"orthographic":false}