{"cameraMode":{"drawMode":0,"name":"Shaded","section":"Shading Mode"},"sceneLighting":false,"audioPlay":false,"sceneViewState":{"m_AlwaysRefresh":false,"showFog":true,"showSkybox":false,"showFlares":true,"showImageEffects":true,"showParticleSystems":true,"showVisualEffectGraphs":true,"m_FxEnabled":true},"in2DMode":false,"pivot":{"x":221.58665466308595,"y":10.010595321655274,"z":203.2966766357422},"rotation":{"x":-0.0006268577417358756,"y":-0.977506160736084,"z":0.21111886203289033,"w":-0.002926732413470745},"size":0.8932307362556458,"orthographic":false}